[
    {
        "judul": "Revenge Of The Iron-Blooded Sword Hound",
        "link": "https:\/\/id.shinigami.asia\/series\/703f6c7a-ad78-4d50-b5cc-c768c0a12fdb",
        "kategori": "Komik",
        "ringkasan": "Dicap sebagai pengkhianat dan dieksekusi, ia kembali ke 40 tahun lalu untuk membalas dendam pada mereka yang mengkhianatinya.",
        "gambar": "tampilan\/img\/Iron-Blooded.jpeg"
    },
    {
        "judul": "Cerita Rakyat: Malin Kundang",
        "link": "https:\/\/indonesiakaya.com\/pustaka-indonesia\/cerita-rakyat-sumatra-barat-legenda-malin-kundang\/",
        "kategori": "Cerita Rakyat",
        "ringkasan": "Kisah legenda rakyat dari Sumatera Barat yang melegenda.",
        "gambar": "tampilan\/img\/malin.jpg"
    },
    {
        "judul": "Prahara Hati by Arleyta Kirani",
        "link": "https:\/\/gooddreamer.id\/novel_romantis\/prahara-hati-pZL",
        "kategori": "Novel",
        "ringkasan": "Bagaimana jika menikah dengan seorang pria yang tidak pernah mencintaimu dan selalu menghina fisik?",
        "gambar": "tampilan\/img\/prahara.png"
    },
    {
        "judul": "Analisis Sistem Informasi",
        "link": "https:\/\/books.google.co.id\/books?hl=id&lr=&id=ro5eDwAAQBAJ&oi=fnd&pg=PR5&dq=sistem+informasi&ots=WEkc-I3iUg&sig=ZI9zdGNtOZjFfYz-hwybbxDsFHY&redir_esc=y#v=onepage&q=sistem%20informasi&f=false",
        "kategori": "Jurnal",
        "ringkasan": "Analisis sistem informasi adalah proses mengkaji, memahami, dan mengevaluasi kebutuhan serta permasalahan dalam suatu sistem informasi untuk merancang solusi yang efektif dan efisien.",
        "gambar": "tampilan\/img\/si.jpeg"
    },
    {
        "judul": "Tahta Loka by Serafey",
        "link": "https:\/\/gooddreamer.id\/novel_fantasi\/singgasana-cinta-pangeran-terbuang-PLo",
        "kategori": "Novel",
        "ringkasan": "Rakyan Janu, pangeran yang diasingkan, mendapat misi merebut kembali tahta Kerajaan Linggapura dari pengkhianat bernama Purbarasa. Dalam perjalanannya, ia bertemu gadis misterius yang awalnya ia kira gila, namun pertemuan itu perlahan mengubah takdir dan perjuangannya.",
        "gambar": "tampilan\/img\/loka.png"
    },
    {
        "judul": "Pick Me Up",
        "kategori": "Komik",
        "ringkasan": "Dalam game gacha yang terkenal dengan kesulitannya yang mengerikan Master peringkat ke5 di dunia Loki kehilangan kesadaran saat menyerbu Dungeon",
        "link": "https:\/\/id.shinigami.asia\/series\/f96af365-8bf3-4b23-ab53-7bb6994a375d",
        "gambar": "https:\/\/storage.shngm.id\/low\/unsafe\/filters:format(webp):quality(70)\/thumbnail\/image\/d4b1fa5e-e37c-43f5-8c7e-952ce47fd8d3.jpg"
    },
    {
        "judul": "Kisah Lutung Kasarung dalam Mencari Cinta Sejati",
        "kategori": "Cerita Rakyat",
        "ringkasan": "Kisah epos dari pulau Jawa tentang dewa yang menyamar menjadi lutung demi cinta sejati dan membantu seorang putri merebut kembali takhta kerajaan.",
        "link": "https:\/\/indonesiakaya.com\/pustaka-indonesia\/cerita-rakyat-jawa-tengah-lutung-kasarung\/",
        "gambar": "https:\/\/indonesiakaya.com\/wp-content\/uploads\/2024\/12\/download-53.jpeg"
    },
    {
        "judul": "Asal-usul Nyi Roro Kidul dan Kerajaannya yang Penuh Misteri",
        "kategori": "Cerita Rakyat",
        "ringkasan": "Di balik kisahnya yang penuh misteri, terdapat cerita tentang cinta, pengkhianatan, dan kekuatan luar biasa yang membawanya menjadi Ratu Laut Selatan.",
        "link": "https:\/\/indonesiakaya.com\/pustaka-indonesia\/cerita-rakyat-jawa-barat-legenda-nyi-roro-kidul\/",
        "gambar": "https:\/\/indonesiakaya.com\/wp-content\/uploads\/2024\/12\/download-54.jpeg"
    },
    {
        "judul": "Atu Belah Atu Bertangkup",
        "kategori": "Cerita Rakyat",
        "ringkasan": "Sebuah kisah tentang seorang ibu yang rela mengorbankan dirinya demi bisa melindungi anak-anaknya.",
        "link": "https:\/\/indonesiakaya.com\/pustaka-indonesia\/cerita-rakyat-aceh-atu-belah-atu-bertangkup\/",
        "gambar": "https:\/\/indonesiakaya.com\/wp-content\/uploads\/2024\/11\/IK_Aceh_Header.jpeg"
    },
    {
        "judul": "Swordmaster\u2019s Youngest Son",
        "kategori": "Komik",
        "ringkasan": "Jin Runcandel adalah putra bungsu dari Swordmaster terhebat. Setelah dia ditendang keluar dari klan dia mengalami nasib yang tragis Tapi sebelum dia mati seorang Dewa memberinya kesempatan kedua sekarang dia harus menggunakan kekuatan barunya untuk kebaikan. Akankah Jin menjadi Swordmaster terkuat di dunia dan memenuhi potensi terbesarnya",
        "link": "https:\/\/id.shinigami.asia\/series\/f70af567-5f45-4859-8222-e41eb10ac169",
        "gambar": "https:\/\/storage.shngm.id\/thumbnail\/cover\/198004f29782.jpeg"
    },
    {
        "judul": "Monarch Of Death",
        "kategori": "Komik",
        "ringkasan": "Aku akan memutar kembali waktu Setelah penelitian yang memakan lama dia berhasil menggunakan spell regresi waktu dan regresi ke masa lalu dengan tangan kanannya Baros. Uh Tuan Muda sepertinya masa lalu telah berubah Ini adalah rencana raja kematian untuk meluruskan kehidupannya yang menyimpang",
        "link": "https:\/\/id.shinigami.asia\/series\/c5ede548-b731-4eb4-9f15-370580a270a8",
        "gambar": "https:\/\/storage.shngm.id\/thumbnail\/cover\/3b1ec4ce7af5.jpeg"
    }
]